why_peer_learning,count
I did not know about it,24
I did not know about it.,20
I didn't know it existed,19
I didn't know about it.,17
I was not aware of it.,14
Did not know about it,14
I didn't know about it,13
No time,12
I did not know it existed.,11
I did not know it existed,9
Didn't know about it,9
I didn’t know about it,8
Time conflict,8
I was not aware of it,8
Was not aware of it,7
Didn’t know about it,7
I did not know it was happening,6
I don't know what that is,6
I didn't know that was a thing.,5
didn't know about it,5
Did not have time,4
Didn't know it existed,4
Didn't have time,4
I didn't know it was happening,4
I didn’t know about it.,4
I don't know what that is.,4
I did not know this was a thing.,4
I didn't know that was a thing,4
no time,4
I wasn't aware of it.,4
I didn't know about this.,4
I did not know that it existed.,3
was not aware of it,3
I did not know this was an option,3
I did not know that was a thing.,3
Didnt know about it,3
Didn't know about it.,3
I didn’t know it existed.,3
I was not aware of the Chemistry peer learning.,3
I did not know it was a thing,3
Schedule conflict,3
I didn’t know it existed,3
did not know about it,3
I was not aware.,3
Time conflicts,3
didn't have time,3
Not needed,3
No,3
I was not aware,3
I was unaware of it.,2
I didn't know about them.,2
I did not know about this,2
Not aware,2
I didn't know,2
I did not know this was a thing,2
I didn't know there was peer learning.,2
I did not know about the Chemistry peer learning.,2
didn't feel the need to,2
I didn't feel the need to,2
.,2
I didn't need it,2
Was not aware.,2
I didn't know that it was a thing.,2
My personal schedule interfered with me attending the peer learning.,2
I didn't sign up for it at the start of the quarter.,2
I was unaware of this,2
I didn't know about the chemistry peer learning.,2
I did not know that it was offered.,2
I didn't have time.,2
I did not know about this resource.,2
I didn't have time,2
Didn't need to,2
didnt go,2
I was unaware of it,2
Don’t know what that is,2
I was unaware it was happening,2
I don’t know what that is,2
I didn't know it was available,2
Hard to track down. would appreciate more announcements or communication,2
I didn't know this was an option.,2
i did not know what that was,2
I didn’t know there was one.,2
na,2
Didn't feel the need to.,2
I did not have the time to do so.,2
I was unaware.,2
Not aware of it,2
Did not want to,2
Did not have space in schedule.,2
I was not aware of the peer learning room.,2
Did not know about it.,2
I did not know that existed.,2
Unknown,2
I did not find it necessary for this course,2
Didn’t know,2
Didn't know it existed.,2
I was not aware of this program.,2
I did not know this existed,2
no,2
"Dislike peer learning, past experience has been the blind leading the blind.",2
didn’t have time,2
Did not know,2
I did not know there was Chemistry peer learning.,2
I did not have time to attend.,2
Did not fit in schedule,2
I did not know it was happening.,2
I did not have time.,2
Didn’t know about them,2
Did not know that it was available,2
I forgot,2
I didn’t know it was a thing,2
I forgot/didn't know about it.,2
No one is there,2
I didn't know it was a thing,2
I do not know what that is.,2
I did not know that was a facility provided.,2
I don’t like studying with people,1
Was not interested,1
I didn't attend because I didn't know it was happening.,1
The TA 's in this class have no idea what is going on and are not helpful whatsoever.,1
I would attend office hours instead and I have a job and too many extracurriculars to make the allocated time.,1
I didn't know there was one.,1
I did not because I did not know of its existence.,1
Did not know it was an option .,1
Didn't know it was a thing,1
I didn't know about this actually. I was more focused on attending announced office hours because they were helpful (professor).,1
"I didn't know peer learning was being offered in room MC3974. However, I did attend AAP Peer Learning sessions in Campbell Hall.",1
Schedule conflicts,1
I did not attend the Chemistry peer learning located in room MS3974 because I did not feel that it was necessary for my understanding of the chemistry concepts in Chemistry 14B.,1
I wasn't aware that it existed.,1
I didn't have time and didn't know that was a thing.,1
I didn't know there was Chemistry Peer learning,1
i didn't know,1
I haven’t found time to attend.,1
Not sure what that is.,1
I dont have time,1
This professor's answers are always much more helpful and he is more accessible.,1
did not know or forgot it existed,1
didnt know it existed,1
I did not know this existed.,1
I didn't have time and also found myself not needing to attend.,1
I didn’t know this existed. I did attend office hours though.,1
Could not make it,1
I didn’t feel like I needed to,1
I didn’t know that existed.,1
Don’t  know about it,1
Did not know that was a thing,1
"Extremely busy, unpredictable schedule that made it hard to find time to do it.",1
I didn't know peer learning existed for my course until just now.,1
Always had a schedule clash,1
"I decided to just study on my own, and I didn't have the time.",1
"I had no idea that Chemistry peer learning room in MS3974 was a resource available. If I had known, I would've taken greater advantage of this resource.",1
I have a busy schedule this quarter so I did not have time to utilize all synchronous resources.,1
Didn’t know about it and probably wouldn’t feel the need to.,1
I have a part time job and a commuter so it didnt match my schedule.,1
I did not know anything about it.,1
My free times did not align with the Peer Learning.,1
I was not familiar with this opportunity but also attend OH often (and didn't feel it necessary to seek extra help),1
I went to my TAs office hours and studied with friends instead,1
"I did not know about them, but also I prefer studying and doing it by myself.",1
I sometimes don't believe they're very helpful.,1
I was unaware of this resource,1
I did not know of the peer learning.,1
I didn’t know they existed,1
Didn’t feel it was necessary,1
I don't generally like peer learning groups.,1
I don't like peer learning groups.,1
I was not aware of the event,1
I don't remember getting notified about it! That definitely could have been my own error.,1
I dont have time.,1
"I mostly understood the concepts that were taught in class and things I was unsure about, I was able to easily understand through reading the textbook or watching a video.",1
Did not know about this resource.,1
Busy quarter,1
I did not know it even existed. Never head any mention of it.,1
social anxiety,1
I typically don’t find peer learning helpful,1
I attended plf sessions,1
I did not know about the peer learning sessions,1
Didn’t leave enough time in my course/extracurricular load to go to them.,1
"I didn't think I needed to, as I grasped the material after absorbing all the given material and doing all the given practice problems.",1
I did not know there was chemistry peer learning.,1
I didn't know it was a resource available to me,1
"I remember receiving as email about it at the beginning of year eyar but then forgot about it. Also, I had a busy schedule this quarter so was unable to attend",1
I did not know that this was a resource. I also already attend several TA office hours and have access to enough help.,1
I was not aware that there was a chemistry peer learning location. I would have attend had I known.,1
i didn’t know that was happening,1
Scheduling/time,1
I did not know this was avaliable.,1
Didn’t fit into my schedule.,1
I have other resources that I rely on.,1
Was not aware,1
I did not know it was available. Also I prefer to study on my own or in small study groups with my friends,1
Didn't feel that it was the best way to learn.,1
didn't know what it was,1
didn’t know it happened tbh,1
I was not aware of this resource,1
Was not aware of session,1
Did not know about it and unsure what format it would be/if it would help me,1
I was not aware of the event.,1
Didn't know it was a thing.,1
I don't feel I need to.,1
i didnt know it existed,1
I am unsure when the peer learning takes place.,1
I didn't know this room existed,1
I did not know it was being offered.,1
I was unaware of peer learning services in MS3974.,1
I did not know about this opportunity.,1
I was too busy,1
I didn't know there was a chemistry peer learning group.,1
I didn't know what that was.,1
"I didn’t know where the Chemistry peer learning room was, and I didn’t have time to attend.",1
I didn't even know it was an option!,1
I didnt know it was an option,1
I prefer going to office hours and was able to get all my questions answered there.,1
Didn't need to; felt comfortable with reviewing the lecture materials and practice problems on my own.,1
I did not feel the need to attend peer learning. The lecture and the discussion were sufficient for building understanding for me.,1
I did not know of this event.,1
I didn't know that existed.,1
"I attend office hours and tutoring, but not the chemistry peer learning. I have never heard of that.",1
I did not attend the chemistry peer learning because I already felt confident in the course material.,1
I dont find it an effective use of my time. I think work better alone/doing problems myself.,1
I was not aware of this peer learning room.,1
did not know there was a peer learning.,1
I didn't know that there was a chemistry peer learning room.,1
"I am taking 20 units + work 20-30 hours a week, I generally don't have much time for peer learning/non-mandatory class sessions.",1
Didn't know about it and didn't think it would be very helpful.,1
"I did not feel I needed the extra review, I think I did better studying on my own.",1
"I felt the need to seek out extra resources outside of class lecture, discussion, and office hours.",1
I do not know what that is :(,1
I didn't have time to attend,1
I did not know it even existed,1
I went to TA office hours and found them sufficiently helpful,1
I did not feel like I needed it for this class,1
I was not aware of this.,1
I never bothered to look out for any such program.,1
I did because I was struggling with concepts and I also wanted to double check my work at times.,1
Hi,1
I didn’t even know that was a thing,1
I didn't feel the need,1
I was not aware of the peer learning sessions.,1
Peer learning sessions often conflict with my schedule + I usually am more efficient when studying on my own.,1
"I wasn't aware of peer learning, but I have been going to the Organic Chemistry Tutoring club",1
I did not feel it was necessary,1
"I did not know that that was a thing. However, even with that knowledge, I don't think I would have attended because I feel fairly confident in the course material.",1
The peer learning sessions were not held at times that were convenient for me,1
Was not aware of this service,1
I did not know it was available,1
Was not aware of this resource,1
I did not attend.,1
I didnt have time in my schedule.,1
I was not aware of a Chemistry peer learning/did not have the time,1
I did not have enough time,1
I work as a tutor there,1
Did not have time.,1
I did not know there was a Chemistry peer learning.,1
i prefer to use office hours with TA's,1
I did not attend because I did not have time,1
I didn’t have time.,1
"I attended TA office hours and directed my questions during those sessions. Additionally, I prefer to study alone rather than with a large group since I tend to get distracted during group study sessions.",1
I already had a study group I like to study with,1
Never knew this existed,1
I didn't even know there was a peer learning for this class.,1
The times conflicted with my other activities/classes,1
I didn't know of it,1
"Did not need, just worked with friends and such",1
I was not familiar with it.,1
didn't go,1
My schedule was too busy this quarter and I chose TA OH instead,1
"I have not been informed, or have not been informed enough about the peer learning sessions!",1
I did not know there was peer learning for this course.,1
"I was not aware of this resource, but also I did not need too much additional help with this course.",1
I was not aware of its existence.,1
I didn't know it existed!,1
Wasn't sure how to get there,1
I didn't know it existed.,1
I was not informed enough about the above opportunity.,1
I was not aware of the peer learning.,1
I did not know about the peer learning room.,1
I did not even know it was happening.,1
Never had the time,1
I was unaware that this peer learning meeting was being offered,1
My schedule did not allow me to come.,1
My schedule did now allow me to participate.,1
I had reached out at the beginning of the quarter to ask how to access the peer learning but received no response.,1
I thought that it was only for people in the PEERS program.,1
I attended Office hours instead,1
No; I didn't know it existed.,1
I don't know what that is and have never heard of it before,1
I dont think I heard about this workshop.,1
It did not fit in my schedule,1
The professor never mentioned it in class,1
did not know about that,1
"I didn't feel like I needed it. I studied a lot through the textbook and practice questions, so I felt I was adequately prepared already.",1
Unhelpful,1
I didn't have enough time with my schedule.,1
I didn't know there was Chemistry peer learning,1
Don't feel like I need it,1
The times have conflicted with other academic commitments.,1
Prior conflicting academic committments.,1
"I had a time conflict with another commitment, so I could not attend this time around.",1
"I didn't know it existed, and I wouldn't have had the time to go that far anyway.",1
Did not know it was hosted.,1
didn't know and didn't need help,1
Had enough resources without it.,1
Dont know the times,1
I did not know that was a thing!,1
I thought the tutoring would be helpful for the exams.,1
I was having other issues that prevented my attendance.,1
I didn't feel the need and I didn't have the time.,1
I DiD not know this was even a thing,1
didnt know about it,1
grr,1
not interested,1
I was not able to attend the sessions due to my schedule.,1
i dont know what that is,1
I was not aware that there was chemistry peer learning in MS3974.,1
"Scheduling issues, I chose to study with my friends",1
I did not know that this was available.,1
I did not go because I was already keeping up with the material on my own and did not feel like I needed extra help.,1
I was not able to be there,1
I don't know what this is,1
Didn't realize that was an option.,1
I did not attend this specific peer learning. I did however attend the facilitated peer learning offered through AAP in Campbell Hall.,1
I did not know that this was an option / available resource,1
I find self-study to be more time efficient.,1
"I was unaware of it, because I was not looking for help.",1
I was unaware of these sessions.,1
I did not know this resource was available.,1
I thought peer learning was only for people in AAP,1
i didn't struggle a lot with the material/practice problems we were provided,1
Couldn't find a time in my schedule,1
Not needed.,1
I just did not have time to attend.,1
I have not heard of the Chemistry peer learning in room MS3974,1
I felt that studying on my own was more worth my time since it's a lot of memorization.,1
My current performance in the class was adequate enough to not warrant me to seek extra help.,1
I was not aware that peer learning was being offered.,1
i did not know that was a thing,1
I didn’t know what it was,1
I just never fund the time to go.,1
I just never found the time to go.,1
I did not attend because I did not know it was available to us.,1
did not know it was an available resource,1
I didn't have time to do it,1
I had class conflicts,1
I didn't feel a need to.,1
I did not know about it and feel like I don't need to.,1
"I did not know about it, but also feel like I don't need it.",1
I was unaware there was Chemistry peeer learning in room MS 3974.,1
I like to receive extra help in guiding my stidying sometimes I miss a concept or didn't grasp it entirely and with peer learning I know we go over everything in lecture and they provide extra practice problems as well so more study material!,1
"I think I just happened to make plans with a study group at the time, so I chose the group over the peer learning environment.",1
Sessions were held at times that I was not available.,1
I did not feel the need for it this quarter.,1
I did not feel the need for it.,1
I attended PLF sessions for this class 2 times a week instead.,1
I attended PLF sessions for this course 2 times a week instead.,1
It was outside of my usual availability.,1
My other class has time conflict with it,1
My other classes have time conflict with it,1
I never had the time in my daily schedule.,1
Peer learning did not fit into my schedule,1
"Do not know what it is, nor did I know it existed.",1
"I was unaware of it, but also uninterested.",1
time didn't work with my schedule,1
I forgot about it,1
I didnt have time,1
I had a time conflict,1
To better my understanding on the topics thought in the course,1
I attended the peer learning room because even if I am confident in the class I always find it helpful to get extra support and more practice so that I can do better on the homework/tests.,1
I didn't know that was an option,1
"I forgot to put the dates on my calendar, and my schedule got very hectic so I missed it.",1
"I didn't put the date into my calendar and due to my schedule, I forgot about it and missed it.",1
I attended different learning resources,1
"I did not know about it, but even if I had, I don't think I would have attended since I don't need the extra help.",1
I did not wish to attend.,1
Attended TA office hours as the maine ay to seek help.,1
"I was not aware of it, only the online Ochem tutoring which I tried.",1
Time interference,1
I don't have the time to.,1
"I didn't know there was a peer learning session. But also, I went to professor office hours and TA hours when I had questions on the homework or on exams.",1
"I didn't know about it, but even if I did, I probably wouldn't have attended anyway because I don't have the time.",1
didn't know about or need it,1
I didn’t know it exists.,1
I wasn’t aware.,1
I wanted to but it got full after first enrollment.,1
Attended labs which were well ran by the TA,1
To get extra help/make sure i was doing the homework correctly,1
It did not fit into my schedule.,1
"It never really crossed my mind, I probably should have",1
I don't have time and I am most efficiently studying when I am in my own space,1
I didn't know it was occuring.,1
I did not attend because I did not know peer learning was a thing. I only knew of TA office hours for extra help.,1
i dont have much time to attend,1
I felt no need to.,1
No time. Needed to go to work and do other extracurrilars.,1
I was not aware of them,1
I didn't think that I needed it,1
I did not remember that it was happening.,1
I didn't know this was available????,1
I was very preoccupied with many courses this quarter Andy plate was to full,1
I was not able to join because of schedule conflicts.,1
Thanks you! It was great,1
I had not been aware that there had been peer learning Chemistry available for my specific course. I have however attended AAP classes for chemistry.,1
I was not aware that there was peer learning available for my course in that room. I have however attended PLF lessons through AAP.,1
I like peer learning,1
I needed extra support as a transfer student that last took organic chemistry more a year ago.,1
For help with midterm and final concept review.,1
didn’t know about this,1
It is hard to find time to go to one. I also have not heard of them much,1
I wasn't aware it was an available,1
Not aware of it but also wasn't really looking for help.,1
I did not know the chemistry peer learning was available.,1
"I wasn't sure about the format of the peer learning sessions, and I also did not find the time to go to them.",1
Tutors were so friendly and helpful :),1
Could not make the time,1
I've never heard of that before.,1
idk what that is,1
Unavailable space to join.,1
Chemistry peer learning sessions did not fit in well with my schedule.,1
hard to find,1
I did not have the time to go to peer learning.,1
N/A I have plf for chem 14D in Campbell hall,1
The timing didn’t fit my schedule,1
I don’t know what this is,1
Didn't fit in schedule,1
I attended to broaden some of my chem 14B content due to not taking it for a while.,1
Did not have time with my other courses,1
I was unable to with my schedule,1
I didn’t know about this resource,1
"I did not know it existed. When I needed help, I just went to office hours and it worked for me.",1
I was not aware of this opportunity.,1
I had other commitments hat conflicted,1
I didnt know,1
It did not fit my schedule because of work and other commitments,1
wasn't aware of it,1
I felt like I did not need additional support,1
I felt like I did not need additional support.,1
"Don't have time, I work to support myself and my family, as well as have an internship. I am also heavily involved in my faith so I'm never on campus when peer learning is happening. I went once on a random day off but I wish I had gone more it was very helpful.",1
I didn’t know it existed/I never felt the need to seek outside help,1
I wasn't really aware it existed.,1
Didn’t feel like I need,1
"Didn't have time. I would either have schedule conflicts or had to focus on other class homework, so I could not attend the peer learning sessions.",1
I don’t study well in groups.,1
Scheduling issues,1
I did not see the need to; I have my own sources for studying and study with friends. I attend discussion every week and seek help at TA office hours as well.,1
i don't know what that is,1
I found the most help at office hours with Dr. Henary or my TA. I did not feel the need to seek extra help from peer learning. I have many friends to also ask for help.,1
Couldn't fit into the schedule/didn't know about it at first,1
I wasn't completely aware of the time / location of the peer learning?,1
Didn’t have time,1
I didn’t know we had one,1
I did not believe I needed to to earn an A in this class.,1
I didn't know about this program.,1
I hadn't heard of it and I don't know what that is.,1
Haven't had the need,1
I don’t like working with groups.,1
I did not know this was available.,1
I did not need it,1
I didnt know there was one...,1
I prefer studying on my own and attended the UA sessions provided by Lavelle.,1
Did not know they were happening,1
"I could not make it, due to time conflic and commute travel.",1
I attended UA workshops instead,1
Office hours was really helpful,1
I attended Step ups and workshops.,1
"I did not feel the need to attend the peer learning, and I also found myself doing fairly well while studying on my own.",1
I went to other review sessions more focused on what I needed to work on most.,1
Didn't know about this opportunity,1
"I didn't have time to attend it. However, my friends and I did our own chemistry peer learning before the exams to clear up any questions.",1
I don't know what is that. I attended discussion sections and review exams for midterms.,1
No. no one said anything regarding this sessions.,1
didn’t know about it,1
I wanted extra practice for the midterm.,1
I just don’t feel the need to,1
i just don’t need to,1
I didn't feel a need to attend because I already had an established study group with people that I met in my lecture.,1
I didn't know this resource,1
What even is that?,1
went to step up sessions instead,1
I did not have time,1
I did not need to,1
Found self-studying more effective.,1
I didnt have time.,1
it was helpful!,1
I was not entirely aware of it.,1
I did not attend because I had other commitments like studying or doing homework for other classes.,1
I am not aware of what the Chemistry peer learning is,1
Didn't need the extra help,1
"was not aware of it, and could not attend as well",1
I have never felt the need.,1
I was not very aware of the peer learning,1
"I attended the step-up and workshops organized by Dr. Lavelle every week, which has helped me with my learning.",1
I attended workshop and step-up sessions that Dr. Lavelle had organized.,1
Did not know we were able to attend.,1
"I really didn't know that chemistry peer learning was being offered, I mostly stuck to the additional help sessions that my professor had arranged for us.",1
I didn't feel the need to go.,1
I did not find time in my schedule.,1
I did not attend because I did not feel the need to receive external help with chemistry as I believed I could do it myself.,1
"This quarter, I really struggled with my mental health, burnout from my summer job, and balancing living in an apartment for the first time; I found myself struggling to balance school, apartment life, and relaxing. Also I felt that I understood the course material enough where I didn't have to go.",1
I didn't attend because I have no idea what that is.,1
I'm having a hard time working through my schedule.,1
I thought it would be best to make the most of the opportunities given,1
"I was unaware of the times and location. of this program, I may have missed the details if they were given in class or present on BruinLearn.",1
It conflicted with a class I had.,1
I was unaware of peer learning in room MS3974. I do attend the step-up/workshop sessions Dr. Lavelle creates for his students.,1
I didn't know about the option to attend.,1
Because I work better when explaining things with people.,1
It was hard to find. Only mentioned by professor once,1
Why spend my time there at a possibly unrelated session instead of study at home on my own?,1
I did not know about the peer learning,1
I didn’t know this existed,1
Was not aware of a chemistry peer learning group,1
I got an email saying I was not eligible to attend peer learning and did not qualify for it.,1
Did not feel the need to,1
I didn't want to go alone.,1
I did the practice problems but didn't attend in person.,1
Never found it necessary to attend,1
I didnt know that was available,1
"Was not aware of it, and am not sure if I’m eligible to attend",1
Time conflict.,1
I did not know what that was,1
"I did not feel the need for it, but if I was ever struggling, then I would have attended.",1
I at no point in the course was struggling.,1
I commute so finding sections that were available while I was on campus was difficult.  TA officer hours were more accessible,1
I didn't even know they were a thing.,1
The sessions were held at times where I had other classes,1
I did not know it was an available resource,1
I would not attend the chemistry peer learning because i would attend office hours every week with the courses TA’s.,1
I did not hear about it.,1
I didn't know that it was happening,1
I attended chemistry peer learning at Campbell Hall to receive additional support on the material covered in the course.,1
I did not attend peer learning in the specific room but did attend other peer learnings at other locations,1
I didn't make time in my schedule to go,1
did not feel the need,1
I was not aware of the peer learning in room MS3974,1
I had no idea that was a thing.,1
I went to office hours instead.,1
I was not aware of the Chemistry peer learning in the MS building.,1
Didn't feel like I needed it,1
I attended to see if they were helpful.,1
"attended other sessions, just not ms3974",1
I did not feel the need to.,1
"If peer learning is referring to UA sessions, then yes. It was helpful to have extra practice problems, especially before midterms, and also gain insight from students who took the class before.",1
Dr. Lavelle has many UA sessions that I found helpful and didn't think that Chemistry peer learning would be more benefical.,1
I was too busy with workloads relative to other classes.,1
"It was not offered this course, if it was it did not show up for me",1
Don't know about it,1
I didn't know there was such peer learning,1
It was not offered,1
I was unaware of the peer learning sessions.,1
I did not know about this peer learning.,1
No time and didn’t know about them,1
I did not find significantly challenging questions that I could not resolve by studying on my own.,1
I didn't feel like I need to.,1
I was not available.,1
I didn't find my attendance at peer learning to be necessary for success in this course.,1
I prefer going to TA office hours or the professor's office hours and I prefer to study by myself since I tend to get distracted in groups.,1
I was not aware of what times it was open for.,1
"I didn't find it necessary, but in the future I will definitely attend",1
Did not feel I needed it at the time.,1
No time this quarter,1
I did not have the time to go.,1
Found it hard to fit into my schedule.,1
Didnt have time,1
I did not know about it and I also prefer to study by myself.,1
Did not qualify,1
I am not interested in peer learning.,1
I felt as though the textbook and the practice problems were sufficient for me to understanding everything and get enough practice for the exam.,1
I didn't know.,1
I was not informed that they existed.,1
I didn't know it was a thing until now.,1
I did not know it was occuring,1
I did not know this was an option. Is this like tutoring or more like office hours?,1
I was not aware we had that option.,1
I wanted to learn more prior to the exam.,1
Was not needed for this class,1
I needed extra help studying for midterm 2.,1
I prefer to go to office hours because it helps me learn more about my prof's style,1
I actually did not know this resource existed until this survey.,1
I did not find the need,1
I wasn't aware that was available,1
Did not need it.,1
I never really heard/ knew about it.,1
I was not aware that it existed.,1
Conflict with club meeting,1
I didn't know about the Chemistry peer learning.,1
didn't know it existed,1
I did not know that this resource existed.,1
"I am able to study on my own for this course and when I need help, I go to office hours",1
I wasn't aware of it and I had too many other classes and workload to also attend office hours and/or optional study sessions.,1
I did not know that was an option.,1
"I did not know it was a resource until the previous survey, and then I forgot about it. I also didn't know where to find information about this resource aside from visiting the room in person.",1
"I don’t remember receiving info about it, I probably did but forgot.",1
Didn’t work with my schedule.,1
Not interested,1
I was unaware of the peer learning offered,1
Not worth my time,1
I did not know there was a Chemistry Peer learning session.,1
I was busy with my other activities and classes.,1
n/a this question was not in this survey,1
"I did not know that this resource was available to assist with CHEM30BL, so I focused my efforts towards studying on mine and attending instructor + TA office hours every once in a while.",1
"There was limited capacity for the peer learning sections, so I was restricted from signing up.",1
I feel more comfortable studying by myself or with my friend group. I don't work as well in large groups or with others I do not know well.,1
I attended some online office hours,1
I don't think I ever heard of this opportunity.,1
I was not aware of the Chemistry peer learning program,1
I was not aware there was a peer learning room.,1
I don't think it was necessary.,1
I had a hectic schedule that did not allow for me to attend,1
I went to TA and LA office hours instead.,1
i did not know about them,1
I was not aware of Chemistry Peer Learning.,1
I did not know what the Chemistry peer learning was; I did not know that was a choice for academic assistance.,1
I couldnt make room to attend,1
Time overlap with other classes/clubs/commitments,1
I attend all step ups that Professor Lavelle provides,1
Had no idea that was a thing,1
I found the UA sessions to be extremely helpful.,1
I'm a commuter student and it's really hard to plan that out because of how my school schedule is.,1
"I did not know there was chemistry peer learning, no one ever told me.",1
wasnt aware of it,1
"I had a few friends and we study this course together, and also my TA and LA are helpful enough so.",1
I dont know about it,1
I did not know there was one.,1
I don't recall knowing about this peer learning.,1
I had conflicting sessions for other classes.,1
I would never have been able to come to the sessions prepared with questions that were worth asking and would actually help me learn because I had questions about everything as I did not complete any chemistry courses before this class. It would be more effective to complete all homework first to gain a general understanding then attend a session.,1
It was not on my radar.,1
I was unaware of a peer learning room where tutoring takes place given I am a transfer student.,1
Didn't feel the need.,1
I didn’t know we had Chemistry peer learning,1
I didn't think it was a resource I needed because I had other peers to work with on my own time and the professor and TA were able to answer most of my questions in lecture and section,1
I'm not in AAP so I can't do peer tutoring sessions,1
I preferred to study and review on my own.,1
I didn't know what that is,1
"I believe I was well supported by the office hours and lectures in this course, and felt like I had already grasped the material accurately!",1
I was unaware of this Chemistry peer learning opportunity.,1
I was doing peer learning through PLF in Campbell Hall.,1
I didn't know we had them.,1
The times conflicted with either class or my other tutoring sessions.,1
I did not know that existed,1
I feel like I can teach it to myself for the most part.,1
The times for the peer learning sessions conflicted with times for other tutoring sessions I had.,1
I did not know about it or think I needed it.,1
Didnt know,1
I did not know this was offered.,1
"Omg I did not know ! I would have benefitted SO much from this. I don't know if I missed the announcement or email, please have a resource on the canvas homepage because sometimes I felt on my own in this course.",1
I was not aware there were these peer learning rooms!,1
don’t know what that is,1
I did not know of it so I did not attend,1
I was not aware it existed.,1
"I felt that the help I had received in office hours and the study group I worked with were sufficient, but I was open to attending peer learning sessions if needed.",1
I wasn’t able to make any of the sessions.,1
I did not know it even existed.,1
Did not align with my schedule.,1
"I struggled to find more information about the program and access it. Although professor DeWeese mentioned it in a class, when I tried to register for the peer advancement program, my.ucla was either down or not letting me. However, if given the opportunity and better guidance to access this resource, I would be greatly interested in using it.",1
I did not even know that existed,1
I had no idea they existed,1
I was struggling with the material more than YouTube could provide help with.,1
I did not know it existed + didn't feel like I needed it,1
Conflict,1
I was unaware of the chemistry peer learning opportunity.,1
No. I did not need to,1
I was not aware of of this opportunity.,1
I never thought I needed it to succeed in the class.,1
It did not fit into my schedule,1
I did not attend because I either had time conflicts or felt that the location was inconvenient. I also did not feel like I really needed the help.,1
"Not, because I had my own study group! :)",1
I was not aware that there was chemistry peer learning there.,1
I did not know that was a thing,1
I was not aware of this peer learning program.,1
I had my classmates to help me,1
I didn’t know much about the program.,1
i didn’t know,1
"I went to workshops and review sessions, I'm not too sure what MS3974 is referring to.",1
Didn't feel like I needed it.,1
Not fitting to my schedule,1
"I never found time to go, but I know I can do better next quarter.",1
I felt the UA sessions were enough.,1
I think I might have been unaware of the peer learning or already was able to get help through step-up sessions and workshops.,1
Just never felt the need. I study fine on my own and with my friends.,1
"I attended UA sessions in Young Hall,",1
I like to stuyd independently and utilize Chemistry Community for help.,1
I did not feel the need to attend as I was able to get help from other sources instead.,1
I did not attend the peer learning because I prefer to use my own study methods on my own.,1
"I was very busy, kept forgetting, and was only confused on certain topics which I was able to clarify using the textbook or other resources.",1
"I had forgotten to take advantage of this, I feel that advertising this more to students would be beneficial. I mostly visited the step-up and workshop sessions for our course.",1
I had a reasonabley busy schedule this quarter and I generally prefer to learn/study on my own and ask questions as needed. I do beleve that this opportunity could have been helpful for some topics in this course.,1
I didn't know it was happening.,1
I did not because I did not feel it was necessary,1
It did not fit my schedule and I was afraid of attending alone.,1
I didnt know it existed,1
Dirnt realise it existed,1
"I do not think i payed attention too much on the exisitance of this class comparing to other abundant resources, UA, TA, Workshops etc.",1
I did not because I had a very packed schedule.,1
"I was able to get enough help from my TA and Chemistry Community, which is an online discussion forum designed by Dr. Lavelle.",1
Textbook problems helped me a lot on practicing skills on calculations and understanding concepts. The professor's chemistry community is also very useful when I want to seek help with explanations to specific difficulties.,1
I was unaware that this was something offered.,1
I got all the help I needed through other resources.,1
I did not know peer learning existed.,1
I was too busy.,1
I didn’t feel the need to get help.,1
I did not have the time,1
"I did not realize that those peer learning session existed, most likely because I was not paying attention when it was announced.",1
I have no clue what that is,1
"I was not aware of the Chemistry peer learning, I would have attended if I was told about this opportunity.",1
"I wasn’t aware of the session; additionally, I have my own strategies for studying that I like to utilize on my own.",1
Had other commitments.,1
Did fine without it,1
I did not know.,1
Never heard about it,1
"Sometimes, I did to better understand the topic",1
"Although the amount of help was fantastic if I ever needed it, I found myself being able to succeed without needing to access that particular resource.",1
I attended the UA and TA office hours instead.,1
I was too nervous to,1
I was not aware of the Chemistry peer learning sessions,1
I was intimidated to go by myself and didnt know where to fid the information,1
I didn't attend because I didn't feel that it was too necessary for me.,1
i don't know,1
I went to other sessions and workshops which worked with my schedule a bit better.,1
I did not think it would be beneficial to me,1
i dont qualify,1
I did not think I needed to attened.,1
I was busy,1
I commute so it’s hard to fit things other than my set classes into my schedule.,1
I was not aware of this event.,1
I'm unfamiliar with the peer learning room in MS3974 and did not have any questions for them.,1
I feel I learn better on my own.,1
Never took the extra time to go,1
I didn't know that existed,1
I was not aware of this,1
DIDNT know they were a thing,1
I preferred to study in smaller groups with people I knew or on my own.  Zoom was also easier for me.,1
I am confident enough about my capability in succeeding in the course.,1
Knew it would be helpful but never got around to actually going,1
I formed study groups with students instead,1
Did not know that there was peer learning sessions held there.,1
"The online format of discussion kind of set the tone for me this quarter in such a way that I did not feel motivated to attend in-person peer learning sessions. Also, I have been performing very well throughout the quarter, so I did not feel there was much I needed to clarify outside of class.",1
Couldn't fit in schedule,1
"Did not know about it, forgot.",1
"It's a helpful resource, but unfortunately, I didn't have time for it.",1
Did not have the time.,1
I never checked the time for it.,1
I had other commitments,1
I used other resources,1
I have peer learning with AAP,1
I was not aware of it but I did download the worksheets to complete .,1
I did not feel the need to go to the peer learning room.,1
I went to UA sessions in young hall.,1
too far from dorms,1
I do not know much about it honestly.,1
Did not know it existed,1
I was unaware of its timings and locations in order to attend. I may have missed the information if it was presented somewhere.,1
I did not know of its timings or location to be able to participate. I may have missed this information if it was provided in class or on the BruinLearn course website.,1
"I did not have the time to attend the learning sessions in person, only zoom.",1
I did not know that was there.,1
I did not know about this resource or I would have : ),1
I am unfamiliar with the peer learning sessions.,1
I was sick,1
I often did not find the time to attend these.,1
I wasn't aware of this peer learning.,1
I didn't know that there was such a thing.,1
I attended other study sessions instead.,1
Did not have time due to schedule conflicts,1
"Entered the room and left promptly; unsure how it was meant to work, and couldn’t tell who was “hosting” the event to ask (arrived late)",1
"I don't know what that is, but I attended step up sessions instead",1
Never had time,1
I did not have the time.,1
"Wasn't really necessary for me, I was doing well in the course.",1
I was not aware that Chemistry peer learning existed.,1
I was not aware of the peer learning,1
"I did not know that there was a peer learning session in MS3974, but I have gone to many UA sessions for my CHEM 14A class beforehand.",1
"I did not know there was a Chemistry peer learning in room MS3974, however I have gone to multiple UA sessions for my chemistry class.",1
"When I felt I needed a peer to work with, I asked friends in my class to help me rather than attending a scheduled session as it was simply more convenient.",1
I didn't know there was a peer learning session,1
didnt know it was a thing,1
I did not attend that but I did attend the UA sessions in the YH building that was offered to students in the CHEM 14A class.,1
Conflicted with a midterm.,1
Did not desire to do so,1
I did all the review worksheets instead and went to office hours.,1
I didn't have time and I was scared to go alone,1
No b/c i didnt know about it,1
I didn't really have time and forgot about it,1
I don't know about it,1
I didn't know too much about it,1
I had a schedule conflict and was busy,1
I do not remember hearing about this.,1
"It was something that I wasn't too aware of throughout the quarter. Besides, I never knew the best way to ensure that I understood the concepts well enough to excel on exams.",1
I didnt see the need for it yet.,1
"I did not need the support for the course, but I greatly appreciate it nonetheless.",1
I wasn't aware of this material.,1
I wasn't aware of peer learning for chem 14d,1
I wasn't able to sign up and also work didn't permit me to attend.,1
I prefer studying on my own.,1
I attended these chemistry learning sessions to further my understanding.,1
It furthered my understanding of the concepts we learned in Chemistry 14A.,1
I didn't know that it was being held.,1
"I did attend the UA and step up sessions organized by Dr. Lavelle, but I did not know there was a specific peer learning room.",1
commuter student so didnt match my plan,1
"I did not know it was also for a lab class, and I did not know what to ask, since the practice worksheets were odd.",1
I didn't need to go/didn't have time.,1
"I did not have the time, nor did I know about it until later in the quarter.",1
Not enough time,1
i didnt have time,1
I didn’t want to,1
I didn't know these existed.,1
Did not know this existed,1
I commute and work so my schdeule didn’t align,1
"Did not know about, also time wise probably could not have been able to.",1
I utilized Office hours instead.,1
I didn't even know it was a thing,1
I had other peer learning sessions and never got around to it for 14Bl,1
I have not hear of peer learning before for chemistry,1
I was busy.,1
I didn't know about it and I felt like I could study on my own.,1
Due to schedule conflict,1
I have not heard of it,1
I did but not in the MS building,1
"N/A, wasnt sure",1
I couldn't make those times.,1
I do not know what this is.,1
Was not aware of them,1
I don’t know what it is,1
I did not know there was any for this course,1
I didn't find it necessary.,1
anxiety,1
I did not know when it was,1
I didn't feel any need to.,1
I did not know about peer learning.,1
I did not attend the chemistry peer learning because I did not know that existed.,1
"I heard about this Chemistry peer learning and saw the schedule for it on google sheets, but I never knew the location/feel like it wasn’t indicated somewhere.",1
I did not know there was peer learning in that room,1
I did not know what it was or where it was offered.,1
Did not see much need.,1
"Never remembered, too hard to find hours",1
Didn’t know it was available thought it was only for aap,1
Not sure where this is or what this is,1
I did not have any time to,1
i was not aware of them.,1
work,1
I wasn’t aware of it,1
I dont knwo what that is,1
"I am very busy, I work two jobs on top of school and I also lead several clubs",1
I did not sign up for it as it did not fit into my schedule.,1
I typically study/learn better on my own.,1
I did not know this was available,1
I didn't know it was a resource I could use,1
time,1
It helped me a lot to understand the concepts better.,1
I wasn’t assigned to attend,1
N/a,1
Wanted to but didn’t fit my schedule!,1
"Schedules did not work out, and I was able to get help from TAs and my friends",1
I feel like the content wasn’t that hard.,1
I was unable to make time for it because of my class schedule. Also if it is mentioned in emails it should be moved higher up so it is the first thing I see when opening them.,1
Didn't feel the need to ask for extra help.,1
I did not attend because I did not feel the need to as I felt comfortable enough with the content of the course.,1
I did not know about the peer learning.,1
Did not necessarily feel the need to.,1
I love it there,1
I didn't feel like I needed to,1
I didn't know about the peer learning,1
I wasn't aware of the peer learning.,1
I didn’t know it exisited,1
No need to attend,1
I was studying for another class.,1
I don't even know what that is,1
I didn't attend the peer learning because of the schedule comflict,1
waste of time,1
I wasn’t aware this was a resource.,1
I didn't know it was an option,1
I did not know when/where it was.,1
was unaware it was happening,1
I never knew about it.,1
-,1
I feel like I didn't need the peer learning because I want to give more time so I could study more by myself.,1
I feel pretty good about my chemistry ability,1
DId not hear about it,1
I felt I understood the material well enough already.,1
I do not know what peer learning is.,1
I do not know what this is in reference to.,1
"I did once as I had a content question, but they hadn’t taken the course I was in before so it wasn’t the most helpful.",1
I was pretty busy this quarter,1
I went for a content question but the tutor hadn't taken the course so it wasn’t the most helpful.,1
Wasn't aware of it,1
I didn’t know what that was,1
Did not hear about it,1
I didn’t think i needed it.,1
"I was not aware of it. However, even if I was I probably wouldn't have attended because I felt very comfortable with the material.",1
I didn’t attend the chemistry peer learning room in MS3974 because I didn’t know about it and I believe i know these materials quite well without needing to reach out for extra help.,1
I didn’t know about this.,1
didn't hear about the peer learning,1
"I have not heard of that, I was able to get all my questions answered during lecture, office hours, or e-mail",1
I am doing good without any external help,1
I had other options,1
I didn't know of it and don't really have time in my schedule,1
I didn't know about when the Chemistry peer learning program is and I felt office hours might be more effective as getting my questions answered.,1
I did not feel the need to attend.,1
Dont have time,1
Not sure,1
don't need it,1
I didn't know that was a resource available to me.,1
Wasn't aware of this opportunity.,1
didn't know it happened,1
I just haven't had the time to go.,1
I didn't know that was thing.,1
"Never heard of it, also don't feel that I would need it.",1
I didn't feel the need to. I tend to study better and learn beter when I am able explain the quesitons myself,1
I didn't have time to go,1
I did not know there was a peer learning room.,1
The professors office hours are very helpful as he takes the time to further explain difficult concepts and helps naviagte a handful of challenging problems from the homework,1
I receive peer learning through athletics,1
I was tired after classes and just wanted to go back to the dorms,1
I couldn't fit it in my schedule,1
I was unaware of the tutoring offered.,1
I study better alone usually,1
I do not remember hearing about the peer learning event.,1
I was not aware that chemistry peer learning was available,1
I didn't want to,1
I did not feel I needed this,1
I did not feel the need to as I felt I had a good understanding of concepts while doing my assignments and studying,1
I did not really now about it,1
Have to review other courses.,1
Didn’t know it existed,1
too lazy,1
"I was not aware it was offered. I did however attend multiple TA office hours, professor office hours, and multiple on campus chemistry tutoring sessions.",1
I was unaware of Chemistry peer learning.,1
I didn't know it was a thing.,1
"It was convenient since most of my classes were close to MS3974, and I also liked to go there for Math help as well",1
Wasn’t aware of it,1
I didn’t need it because I felt I understood everything.,1
I don't feel the need to,1
I didn't know about it!,1
Was not able to attend because I had class.,1
Did not feel the need to attend peer learning,1
Unable,1
Didn't think I needed it,1
Didn't need it,1
I did not know about it as well as I should have,1
My schedule was too busy and I did not have time for it due to work,1
I did not have time due to work,1
I never ended up going to the peer learning room,1
I study better alone,1
I wasn’t aware of it.,1
Did not see a need for it as I understood all the material,1
"I took AP Chemistry in high school and didn't realize I could skip the class with the credit, so I knew most of the material already and didn't need the peer learning.",1
I didnt know about it.,1
I did not know it was an option available to me.,1
Didn't really know,1
I did not know this was happening.,1
i did not know of its existence,1
Did not know of it,1
Was not aware of this resource.,1
Wasn't aware,1
N,1
i didn't know there was a room,1
I didn't know it was there,1
"I had a conflict with something else going on in my personal life, hence the reason I could not attend. My apologies.",1
Don’t know about it,1
I didn't think it was necessary to help me understand the content.,1
I have a lot of friends who are also taking this class and so we studied separately together.,1
Was not aware of it but also would not have needed it,1
I wasn’t informed of this peer learning.,1
I never felt like I needed the extra help,1
I do not know what that is,1
"I didn't know about it (or don't remember being told), or if I just forgot about it (it may have been announced and I just don't remember) that would be because I looked at what time it was and was busy.",1
I did not know about them,1
"I never felt the need to attend and felt I would be better off studying on my own. Nothing against the peer learning sessions, just felt I learn better on my own.",1
I did not know that was available.,1
I did not attend the Chemistry peer learning in room MS3974 because I preferred to review on my own.,1
"Unfortunately, I have other commitments that occupy my schedule.",1
I was comfortable with the course material,1
I don’t have a need to attend the peer learning sessions and have sufficient resources,1
I wasn't aware there was Chemistry peer learning. I would have definitely attended had I known.,1
"I commute, so it's hard for me to get out at 4-5pm",1
Felt like I didn't need it. I was successful in my own studies/methods already.,1
I never felt like I needed to and I was not aware of it.,1
I didn't know it was there or didn't do the research to know it was there.,1
I don't feel like I need it right now.,1
"I wasn't aware of this, but it is alright because I didn't need much help this quarter for chem 20A!",1
I didn't hear about it.,1
I didn't have time and generally felt like I benefited more from studying alone.,1
I didn’t  know it existed.,1
I was unaware of this.,1
Busy schedule so I utilized other resources,1
I did not hear about it,1
I’ve never heard of it,1
Didn’t hear about it,1
"no, i did not have enough time",1
I felt that this would help me better understand concepts,1
They would overlap with my schedule.,1
It was full when I tried enrolling,1
Because I didn't have that much time to go there,1
I attended office hours for help instead.,1
"I didn’t know about it, or, if it was not required, I immediately forgot about it, not expecting to need to attend",1
I did not know of it.,1
i didnt know about it.,1
What the...what is this?,1
I didn't even know that was something we offered.,1
I didn’t really know it existed until now,1
"I was very busy, and I did not have the time to attend Chemistry peer learning.",1
I wasn't aware there was chemistry peer learning.,1
I did not find the time to attend.,1
Two reasons. I didn't know it was a thing also I'm not having a hard time in this class so I wouldn't feel the need to.,1
I did not feel I needed it to succeed.,1
Not sure what it is,1
I didnt even know about that,1
I was unaware of the chemistry peer learning.,1
I did not want to go to the peer learning because of time interferences.,1
"I was honestly very lazy and felt like I was already doing decently in the class, but reflecting back, I probably should have attended the Chemistry peer learning.",1
I prefer other activities,1
I was not aware of peer learning.,1
I was not aware of peer learning,1
I did not know that there was a peer learning room,1
I didn't know that this was available.,1
no need,1
I found Chemistry this quarter manageable so I instead went to office hours if I did need help.,1
I didn’t know they had that,1
"I study most efficiently by myself, but I bring questions to class or office hours when needed.",1
I didn't know this peer learning existed.,1
"I wasn’t aware of it. I had other resources, including Dr. DeWeese’s office hours and assigned collaborators discussion section.",1
I didnt know this was a thing.,1
I did not know it was a thing.,1
"When studying, I find myself getting more stressed when there’s other people around me compared to me figuring out my weak spots and taking the time to study from that.",1
Did not know it was happening.,1
idk,1
I was not aware that there is a Chemistry peer learning session but have been able to get the assistance I need from my professor in office hours.,1
"I attended all of the office hours for this class especially toward the end, so I felt that was sufficient. Also I could not figure out if I was eligible for the peer learning when I tried to sign up.",1
